"set_code","set_name","release_date"
"tsp","Time Spiral","2006-10-06"
"zen","Zendikar","2009-10-02"
"tmm2","Modern Masters 2015 Tokens","2015-05-22"
"xln","Ixalan","2017-09-29"
"3ed","Revised Edition","1994-04-01"
"eld","Throne of Eldraine","2019-10-04"
"ugin","Ugin's Fate","2015-01-17"
"m21","Core Set 2021","2020-07-03"
"jmp","Jumpstart","2020-07-17"
"tmp","Tempest","1997-10-14"
"me4","Masters Edition IV","2011-01-10"
"pcy","Prophecy","2000-06-05"
"c15","Commander 2015","2015-11-13"
"c18","Commander 2018","2018-08-09"
"f08","Friday Night Magic 2008","2008-01-01"
"ced","Collectors Edition","1993-12-10"
"grn","Guilds of Ravnica","2018-10-05"
"cns","Conspiracy","2014-06-06"
"nph","New Phyrexia","2011-05-13"
"gtc","Gatecrash","2013-02-01"
"dom","Dominaria","2018-04-27"
"m19","Core Set 2019","2018-07-13"
"vis","Visions","1997-02-03"
"mb1","Mystery Booster","2019-11-07"
"c20","Commander 2020","2020-04-17"
"ody","Odyssey","2001-10-01"
"isd","Innistrad","2011-09-30"
"arn","Arabian Nights","1993-12-17"
"aer","Aether Revolt","2017-01-20"
"mir","Mirage","1996-10-08"
"mbs","Mirrodin Besieged","2011-02-04"
"fmb1","Mystery Booster Retail Edition Foils","2020-03-08"
"dtk","Dragons of Tarkir","2015-03-27"
"ogw","Oath of the Gatewatch","2016-01-22"
"mma","Modern Masters","2013-06-07"
"9ed","Ninth Edition","2005-07-29"
"p02","Portal Second Age","1998-06-24"
"vma","Vintage Masters","2014-06-16"
"ddm","Duel Decks: Jace vs. Vraska","2014-03-14"
"cma","Commander Anthology","2017-06-09"
"brb","Battle Royale Box Set","1999-11-12"
"aznr","Zendikar Rising Art Series","2020-09-25"
"uds","Urza's Destiny","1999-06-07"
"7ed","Seventh Edition","2001-04-11"
"wc02","World Championship Decks 2002","2002-08-14"
"rna","Ravnica Allegiance","2019-01-25"
"ema","Eternal Masters","2016-06-10"
"ugl","Unglued","1998-08-11"
"pal03","Arena League 2003","2003-01-01"
"me2","Masters Edition II","2008-09-22"
"m13","Magic 2013","2012-07-13"
"mm3","Modern Masters 2017","2017-03-17"
"unh","Unhinged","2004-11-19"
"bfz","Battle for Zendikar","2015-10-02"
"mm2","Modern Masters 2015","2015-05-22"
"gk1","GRN Guild Kit","2018-11-02"
"c16","Commander 2016","2016-11-11"
"znc","Zendikar Rising Commander","2020-09-25"
"sok","Saviors of Kamigawa","2005-06-03"
"piko","Ikoria: Lair of Behemoths Promos","2020-04-24"
"5ed","Fifth Edition","1997-03-24"
"p15a","15th Anniversary Cards","2008-04-01"
"pz2","Treasure Chest","NULL"
"akh","Amonkhet","2017-04-28"
"inv","Invasion","2000-10-02"
"mh1","Modern Horizons","2019-06-14"
"wc98","World Championship Decks 1998","1998-08-12"
"tsb","Time Spiral Timeshifted","2006-10-06"
"anb","Arena Beginner Set","2020-08-13"
"nem","Nemesis","2000-02-14"
"por","Portal","1997-05-01"
"tsoi","Shadows over Innistrad Tokens","2016-04-08"
"bok","Betrayers of Kamigawa","2005-02-04"
"hou","Hour of Devastation","2017-07-14"
"2ed","Unlimited Edition","1993-12-01"
"c17","Commander 2017","2017-08-25"
"prm","Magic Online Promos","NULL"
"sld","Secret Lair Drop","NULL"
"ktk","Khans of Tarkir","2014-09-26"
"pjou","Journey into Nyx Promos","2014-04-26"
"cmb1","Mystery Booster Playtest Cards","2019-11-07"
"c14","Commander 2014","2014-11-07"
"pznr","Zendikar Rising Promos","2020-09-25"
"8ed","Eighth Edition","2003-07-28"
"leb","Limited Edition Beta","1993-10-04"
"mmq","Mercadian Masques","1999-10-04"
"pm21","Core Set 2021 Promos","2020-07-03"
"wc01","World Championship Decks 2001","2001-08-08"
"akr","Amonkhet Remastered","2020-08-13"
"con","Conflux","2009-02-06"
"tddj","Duel Decks: Izzet vs. Golgari Tokens","2012-09-07"
"cmr","Commander Legends","2020-11-20"
"roe","Rise of the Eldrazi","2010-04-23"
"ddr","Duel Decks: Nissa vs. Ob Nixilis","2016-09-02"
"cei","Intl. Collectors Edition","1993-12-10"
"cn2","Conspiracy: Take the Crown","2016-08-26"
"frf","Fate Reforged","2015-01-23"
"pthb","Theros Beyond Death Promos","2020-01-24"
"csp","Coldsnap","2006-07-21"
"pwar","War of the Spark Promos","NULL"
"znr","Zendikar Rising","2020-09-25"
"ori","Magic Origins","2015-07-17"
"tmh1","Modern Horizons Tokens","2019-05-30"
"fut","Future Sight","2007-05-04"
"pdom","Dominaria Promos","2018-04-27"
"opca","Planechase Anthology Planes","2018-12-25"
"ps15","San Diego Comic-Con 2015","2015-07-09"
"jud","Judgment","2002-05-27"
"4ed","Fourth Edition","1995-04-01"
"eve","Eventide","2008-07-25"
"prwk","GRN Ravnica Weekend","2018-11-09"
"iko","Ikoria: Lair of Behemoths","2020-04-24"
"phuk","Hachette UK","2006-01-01"
"e02","Explorers of Ixalan","2017-11-24"
"ptk","Portal Three Kingdoms","1999-07-06"
"10e","Tenth Edition","2007-07-13"
"tpca","Planechase Anthology Tokens","2016-11-25"
"kld","Kaladesh","2016-09-30"
"rav","Ravnica: City of Guilds","2005-10-07"
"ptc","Pro Tour Collector Set","1996-05-01"
"ice","Ice Age","1995-06-01"
"sum","Summer Magic / Edgar","1994-06-21"
"war","War of the Spark","2019-05-03"
"gk2","RNA Guild Kit","2019-02-15"
"c13","Commander 2013","2013-11-01"
"g06","Judge Gift Cards 2006","2006-01-01"
"cm2","Commander Anthology Volume II","2018-06-08"
"f16","Friday Night Magic 2016","2016-01-01"
"rix","Rivals of Ixalan","2018-01-19"
"all","Alliances","1996-06-10"
"gpt","Guildpact","2006-02-03"
"2xm","Double Masters","2020-08-07"
"m14","Magic 2014","2013-07-19"
"dst","Darksteel","2004-02-06"
"som","Scars of Mirrodin","2010-10-01"
"wc97","World Championship Decks 1997","1997-08-13"
"6ed","Classic Sixth Edition","1999-04-21"
"cmd","Commander 2011","2011-06-17"
"dis","Dissension","2006-05-05"
"m12","Magic 2012","2011-07-15"
"m11","Magic 2011","2010-07-16"
"zne","Zendikar Rising Expeditions","2020-09-25"
"wc03","World Championship Decks 2003","2003-08-06"
"plist","The List","2020-09-26"
"arb","Alara Reborn","2009-04-30"
"klr","Kaladesh Remastered","2020-11-12"
"chk","Champions of Kamigawa","2004-10-01"
"hml","Homelands","1995-10-01"
"m20","Core Set 2020","2019-07-12"
"mrd","Mirrodin","2003-10-02"
"opc2","Planechase 2012 Planes","2012-06-01"
"hop","Planechase","2009-09-04"
"ust","Unstable","2017-12-08"
"w16","Welcome Deck 2016","2016-04-08"
"5dn","Fifth Dawn","2004-06-04"
"ima","Iconic Masters","2017-11-17"
"uma","Ultimate Masters","2018-12-07"
"mor","Morningtide","2008-02-01"
"j20","Judge Gift Cards 2020","2020-01-01"
"dds","Duel Decks: Mind vs. Might","2017-03-31"
"me1","Masters Edition","2007-09-10"
"h09","Premium Deck Series: Slivers","2009-11-20"
"pal00","Arena League 2000","2000-01-01"
"ath","Anthologies","1998-11-01"
"soi","Shadows over Innistrad","2016-04-08"
"ths","Theros","2013-09-27"
"usg","Urza's Saga","1998-10-12"
"m15","Magic 2015","2014-07-18"
"exp","Zendikar Expeditions","2015-10-02"
"rtr","Return to Ravnica","2012-10-05"
"sth","Stronghold","1998-03-02"
"tor","Torment","2002-02-04"
"tmma","Modern Masters Tokens","2013-06-07"
"thb","Theros Beyond Death","2020-01-24"
"chr","Chronicles","1995-07-01"
"ddk","Duel Decks: Sorin vs. Tibalt","2013-03-15"
"bng","Born of the Gods","2014-02-07"
"fem","Fallen Empires","1994-11-01"
"dka","Dark Ascension","2012-02-03"
"oc20","Commander 2020 Oversized","2020-04-17"
"tpr","Tempest Remastered","2015-05-06"
"pzen","Zendikar Promos","2009-10-02"
"gvl","Duel Decks Anthology: Garruk vs. Liliana","2014-12-05"
"ddn","Duel Decks: Speed vs. Cunning","2014-09-05"
"amh1","Modern Horizons Art Series","2019-06-05"
"wc99","World Championship Decks 1999","1999-08-04"
"c19","Commander 2019","2019-08-23"
"tc14","Commander 2014 Tokens","2014-11-07"
"scg","Scourge","2003-05-26"
"wth","Weatherlight","1997-06-09"
"peld","Throne of Eldraine Promos","2019-10-04"
"ddt","Duel Decks: Merfolk vs. Goblins","2017-10-24"
"mps","Kaladesh Inventions","2016-09-30"
"td0","Magic Online Theme Decks","2010-11-08"
"tznc","Zendikar Rising Commander Tokens","2020-09-25"
"f05","Friday Night Magic 2005","2005-01-01"
"apc","Apocalypse","2001-06-04"
"dvd","Duel Decks Anthology: Divine vs. Demonic","2014-12-05"
"wwk","Worldwake","2010-02-05"
"pls","Planeshift","2001-02-05"
"ala","Shards of Alara","2008-10-03"
"tc17","Commander 2017 Tokens","2017-08-25"
"ulg","Urza's Legacy","1999-02-15"
"dpa","Duels of the Planeswalkers","2010-06-04"
"avr","Avacyn Restored","2012-05-04"
"emn","Eldritch Moon","2016-07-22"
"shm","Shadowmoor","2008-05-02"
"dgm","Dragon's Maze","2013-05-03"
"exo","Exodus","1998-06-15"
"ss1","Signature Spellbook: Jace","2018-06-15"
"mp2","Amonkhet Invocations","2017-04-28"
"trna","Ravnica Allegiance Tokens","2019-01-25"
"a25","Masters 25","2018-03-16"
"plc","Planar Chaos","2007-02-02"
"itp","Introductory Two-Player Set","1996-12-31"
"ha3","Historic Anthology 3","2020-05-21"
"gs1","Global Series Jiang Yanggu & Mu Yanling","2018-06-22"
"s99","Starter 1999","1999-07-01"
"ddq","Duel Decks: Blessed vs. Cursed","2016-02-26"
"psoi","Shadows over Innistrad Promos","2016-04-09"
"tlrw","Lorwyn Tokens","2007-10-12"
"td2","Duel Decks: Mirrodin Pure vs. New Phyrexia","2011-05-14"
"prna","Ravnica Allegiance Promos","NULL"
"w17","Welcome Deck 2017","2017-04-15"
"pbfz","Battle for Zendikar Promos","NULL"
"j12","Judge Gift Cards 2012","2012-01-01"
"pd2","Premium Deck Series: Fire and Lightning","2010-11-19"
"ddh","Duel Decks: Ajani vs. Nicol Bolas","2011-09-02"
"pmoa","Magic Online Avatars","2003-01-01"
"pvan","Vanguard Series","1997-05-01"
"j14","Judge Gift Cards 2014","2014-01-01"
"tc16","Commander 2016 Tokens","2016-11-11"
"pm20","Core Set 2020 Promos","2019-07-12"
"f13","Friday Night Magic 2013","2013-01-01"
"tktk","Khans of Tarkir Tokens","2014-09-26"
"m10","Magic 2010","2009-07-17"
"leg","Legends","1994-06-01"
"ons","Onslaught","2002-10-07"
"drb","From the Vault: Dragons","2008-08-29"
"ddi","Duel Decks: Venser vs. Koth","2012-03-30"
"lea","Limited Edition Alpha","1993-08-05"
"tc15","Commander 2015 Tokens","2015-11-13"
"pgtc","Gatecrash Promos","2013-01-26"
"tgrn","Guilds of Ravnica Tokens","2018-10-05"
"ddg","Duel Decks: Knights vs. Dragons","2011-04-01"
"bbd","Battlebond","2018-06-08"
"pca","Planechase Anthology","2016-11-25"
"ana","Arena New Player Experience","2018-07-14"
"tuma","Ultimate Masters Tokens","2018-12-07"
"cm1","Commander's Arsenal","2012-11-02"
"j13","Judge Gift Cards 2013","2013-01-01"
"jvc","Duel Decks Anthology: Jace vs. Chandra","2014-12-05"
"jou","Journey into Nyx","2014-05-02"
"pbbd","Battlebond Promos","2018-06-09"
"pidw","IDW Comics 2012","2012-01-01"
"lrw","Lorwyn","2007-10-12"
"wc00","World Championship Decks 2000","2000-08-02"
"tmm3","Modern Masters 2017 Tokens","2017-03-17"
"tbfz","Battle for Zendikar Tokens","2015-10-02"
"ddu","Duel Decks: Elves vs. Inventors","2018-04-06"
"pz1","Legendary Cube Prize Pack","2015-11-18"
"ddf","Duel Decks: Elspeth vs. Tezzeret","2010-09-03"
"lgn","Legions","2003-02-03"
"f07","Friday Night Magic 2007","2007-01-01"
"md1","Modern Event Deck 2014","2014-05-30"
"ddj","Duel Decks: Izzet vs. Golgari","2012-09-07"
"ohop","Planechase Planes","2009-09-04"
"dde","Duel Decks: Phyrexia vs. the Coalition","2010-03-19"
"g17","2017 Gift Pack","2017-10-20"
"tdd1","Duel Decks: Elves vs. Goblins Tokens","2007-11-16"
"atq","Antiquities","1994-03-04"
"gn2","Game Night 2019","2019-11-15"
"pal04","Arena League 2004","2004-01-01"
"f06","Friday Night Magic 2006","2006-01-01"
"twwk","Worldwake Tokens","2010-02-05"
"cp3","Magic Origins Clash Pack","2015-07-17"
"puma","Ultimate Box Topper","2018-12-07"
"pxln","Ixalan Promos","2017-09-29"
"pf19","MagicFest 2019","2019-01-01"
"tm20","Core Set 2020 Tokens","2019-07-12"
"oarc","Archenemy Schemes","2010-06-18"
"f17","Friday Night Magic 2017","2017-01-01"
"tcm2","Commander Anthology Volume II Tokens","2018-06-08"
"trtr","Return to Ravnica Tokens","2012-10-05"
"pana","MTG Arena Promos","NULL"
"ddp","Duel Decks: Zendikar vs. Eldrazi","2015-08-28"
"oana","Arena New Player Experience Cards","2018-07-14"
"dd1","Duel Decks: Elves vs. Goblins","2007-11-16"
"tmd1","Modern Event Deck 2014 Tokens","2014-05-30"
"arc","Archenemy","2010-06-18"
"btd","Beatdown Box Set","2000-10-01"
"tshm","Shadowmoor Tokens","2008-05-02"
"l12","League Tokens 2012","2012-01-01"
"pdtk","Dragons of Tarkir Promos","2015-03-28"
"me3","Masters Edition III","2009-09-07"
"pdp12","Duels of the Planeswalkers 2012 Promos ","2011-01-01"
"tmed","Mythic Edition Tokens","2018-10-05"
"v11","From the Vault: Legends","2011-08-26"
"cst","Coldsnap Theme Decks","2006-07-21"
"tmor","Morningtide Tokens","2008-02-01"
"pc2","Planechase 2012","2012-06-01"
"drk","The Dark","1994-08-01"
"wc04","World Championship Decks 2004","2004-09-01"
"ha2","Historic Anthology 2","2020-03-12"
"pd3","Premium Deck Series: Graveborn","2011-11-18"
"pktk","Khans of Tarkir Promos","NULL"
"e01","Archenemy: Nicol Bolas","2017-06-16"
"tcmr","Commander Legends Tokens","2020-11-20"
"t2xm","Double Masters Tokens","2020-08-07"
"pss3","M19 Standard Showdown","2018-07-13"
"temn","Eldritch Moon Tokens","2016-07-22"
"pal06","Arena League 2006","2006-01-01"
"tznr","Zendikar Rising Tokens","2020-09-25"
"tc20","Commander 2020 Tokens","2020-04-17"
"ddl","Duel Decks: Heroes vs. Monsters","2013-09-06"
"ta25","Masters 25 Tokens","2018-03-16"
"ocmd","Commander 2011 Oversized","2011-06-17"
"v10","From the Vault: Relics","2010-08-27"
"tc18","Commander 2018 Tokens","2018-08-09"
"p07","Magic Player Rewards 2007","2007-01-01"
"tdag","Defeat a God","2014-05-25"
"pf20","MagicFest 2020","2020-01-01"
"tm21","Core Set 2021 Tokens","2020-06-16"
"pm14","Magic 2014 Promos","2013-07-18"
"teve","Eventide Tokens","2008-07-25"
"tm19","Core Set 2019 Tokens","2018-07-13"
"khm","Kaldheim","2021-02-05"
"stx", "Strixhaven: School of Mages","2021-04-23"
"takh","Amonkhet Tokens","2017-04-28"
"prtr","Return to Ravnica Promos","2012-10-05"
"tm14","Magic 2014 Tokens","2013-07-19"
"tema","Eternal Masters Tokens","2016-06-10"
"palp","Asia Pacific Land Program","1998-09-01"
"p03","Magic Player Rewards 2003","2003-01-01"
"fjmp","Jumpstart Front Cards","2020-06-18"
"ps18","San Diego Comic-Con 2018","2018-07-19"
"thp2","Born of the Gods Hero's Path","2014-02-07"
"v15","From the Vault: Angels","2015-08-21"
"xana","Arena New Player Experience Extras","2018-07-14"
"txln","Ixalan Tokens","2017-09-29"
"ps14","San Diego Comic-Con 2014","2014-07-08"
"pwwk","Worldwake Promos","2010-02-05"
"punh","Unhinged Promos","2004-11-20"
"f12","Friday Night Magic 2012","2012-01-01"
"ddd","Duel Decks: Garruk vs. Liliana","2009-10-30"
"mpr","Magic Player Rewards 2001","2001-01-01"
"pal99","Arena League 1999","1999-01-01"
"und","Unsanctioned","2020-02-29"
"l14","League Tokens 2014","2014-01-01"
"ddc","Duel Decks: Divine vs. Demonic","2009-04-10"
"ajmp","Jumpstart Arena Exclusives","2020-07-17"
"tori","Magic Origins Tokens","2015-07-17"
"paer","Aether Revolt Promos","NULL"
"f11","Friday Night Magic 2011","2011-01-01"
"tdom","Dominaria Tokens","2018-04-27"
"prix","Rivals of Ixalan Promos","2018-01-19"
"gnt","Game Night","2018-11-16"
"tarb","Alara Reborn Tokens","2009-04-30"
"tcma","Commander Anthology Tokens","2017-06-09"
"ddo","Duel Decks: Elspeth vs. Kiora","2015-02-27"
"mgb","Multiverse Gift Box","1996-11-01"
"p06","Magic Player Rewards 2006","2006-01-01"
"dkm","Deckmasters","2001-12-01"
"ps17","San Diego Comic-Con 2017","2017-07-20"
"oe01","Archenemy: Nicol Bolas Schemes","2017-06-16"
"rqs","Rivals Quick Start Set","1996-07-01"
"phel","Open the Helvault","2012-04-28"
"tdka","Dark Ascension Tokens","2012-02-03"
"oc14","Commander 2014 Oversized","2014-11-07"
"p5dn","Fifth Dawn Promos","2004-05-22"
"pm15","Magic 2015 Promos","NULL"
"tisd","Innistrad Tokens","2011-09-30"
"pogw","Oath of the Gatewatch Promos","2016-01-23"
"pwp11","Wizards Play Network 2011","2011-01-01"
"g09","Judge Gift Cards 2009","2009-01-01"
"pm11","Magic 2011 Promos","2010-07-15"
"tiko","Ikoria: Lair of Behemoths Tokens","2020-04-24"
"tm13","Magic 2013 Tokens","2012-07-13"
"pbok","Betrayers of Kamigawa Promos","NULL"
"tm10","Magic 2010 Tokens","2009-07-17"
"tfth","Face the Hydra","2013-10-19"
"pcmd","Commander 2011 Launch Party","2011-06-17"
"tust","Unstable Tokens","2017-11-14"
"ss3","Signature Spellbook: Chandra","2020-06-26"
"pxtc","XLN Treasure Chest","2017-11-24"
"f03","Friday Night Magic 2003","2003-01-01"
"f10","Friday Night Magic 2010","2010-01-01"
"s00","Starter 2000","2000-04-01"
"togw","Oath of the Gatewatch Tokens","2016-01-22"
"dd2","Duel Decks: Jace vs. Chandra","2008-11-07"
"cp1","Magic 2015 Clash Pack","2014-07-18"
"pnph","New Phyrexia Promos","2011-05-12"
"pal01","Arena League 2001","2001-01-01"
"f09","Friday Night Magic 2009","2009-01-01"
"f04","Friday Night Magic 2004","2004-01-01"
"evg","Duel Decks Anthology: Elves vs. Goblins","2014-12-05"
"troe","Rise of the Eldrazi Tokens","2010-04-23"
"ocm1","Commander's Arsenal Oversized","2012-11-02"
"pelp","European Land Program","2000-02-05"
"twar","War of the Spark Tokens","2019-05-03"
"tima","Iconic Masters Tokens","2017-11-29"
"slu","Secret Lair: Ultimate Edition","2020-05-29"
"teld","Throne of Eldraine Tokens","2019-09-04"
"ptkdf","Tarkir Dragonfury","2015-04-03"
"past","Astral Cards","1997-04-01"
"g11","Judge Gift Cards 2011","2011-01-01"
"pm13","Magic 2013 Promos","2012-07-12"
"parc","Promotional Schemes","2010-06-18"
"f14","Friday Night Magic 2014","2014-01-01"
"pcmp","Champs and States","NULL"
"p08","Magic Player Rewards 2008","2008-01-01"
"tddt","Duel Decks: Merfolk vs. Goblins Tokens","2017-10-24"
"psdc","San Diego Comic-Con 2013","2013-07-18"
"tgtc","Gatecrash Tokens","2013-02-01"
"pwp10","Wizards Play Network 2010","2010-01-01"
"tc19","Commander 2019 Tokens","2019-08-01"
"p2hg","Two-Headed Giant Tournament","2005-12-09"
"g18","M19 Gift Pack","2018-11-16"
"tths","Theros Tokens","2013-09-27"
"tsom","Scars of Mirrodin Tokens","2010-10-01"
"pnat","Nationals Promos","2018-01-25"
"p04","Magic Player Rewards 2004","2004-01-01"
"tzen","Zendikar Tokens","2009-10-02"
"parl","Arena League 1996","1996-08-02"
"pdgm","Dragon's Maze Promos","2013-04-27"
"g10","Judge Gift Cards 2010","2010-01-01"
"g05","Judge Gift Cards 2005","2005-01-01"
"p10","Magic Player Rewards 2010","2010-01-01"
"pm10","Magic 2010 Promos","2009-07-16"
"pi13","IDW Comics 2013","2013-01-01"
"thou","Hour of Devastation Tokens","2017-07-14"
"p09","Magic Player Rewards 2009","2009-01-01"
"f02","Friday Night Magic 2002","2002-01-01"
"khc","Kaldheim Commander","2020-12-17"
"v13","From the Vault: Twenty","2013-08-23"
"tgk1","GRN Guild Kit Tokens","2018-11-02"
"j16","Judge Gift Cards 2016","2016-01-01"
"p8ed","Eighth Edition Promos","2003-07-26"
"ppod","Portal Demo Game","1997-05-01"
"med","Mythic Edition","NULL"
"v09","From the Vault: Exiled","2009-08-28"
"l15","League Tokens 2015","2015-01-01"
"tthb","Theros Beyond Death Tokens","2020-01-24"
"taer","Aether Revolt Tokens","2017-01-20"
"tbth","Battle the Horde","2014-03-01"
"tdtk","Dragons of Tarkir Tokens","2015-03-27"
"fnm","Friday Night Magic 2000","2000-01-01"
"tgk2","RNA Guild Kit Tokens","2019-02-15"
"ha1","Historic Anthology 1","2019-11-21"
"mznr","Zendikar Rising Minigames","2020-09-25"
"tgvl","Duel Decks Anthology: Garruk vs. Liliana Tokens","2014-12-05"
"pal05","Arena League 2005","2005-01-01"
"v14","From the Vault: Annihilation","2014-08-22"
"ss2","Signature Spellbook: Gideon","2019-06-28"
"tevg","Duel Decks Anthology: Elves vs. Goblins Tokens","2014-12-05"
"pths","Theros Promos","2013-09-21"
"tcns","Conspiracy Tokens","2014-06-06"
"pi14","IDW Comics 2014","2014-01-01"
"oc13","Commander 2013 Oversized","2013-11-01"
"pwp09","Wizards Play Network 2009","2009-01-01"
"v17","From the Vault: Transform","2017-11-24"
"thp3","Journey into Nyx Hero's Path","2014-05-02"
"tm11","Magic 2011 Tokens","2010-07-16"
"v12","From the Vault: Realms","2012-08-31"
"tsr","Time Spiral Remastered","2021-03-19"
"tm15","Magic 2015 Tokens","2014-07-18"
"f01","Friday Night Magic 2001","2001-01-01"
"tddc","Duel Decks: Divine vs. Demonic Tokens","2009-04-10"
"ppp1","M20 Promo Packs","2019-07-12"
"prw2","RNA Ravnica Weekend","2019-02-16"
"pgrn","Guilds of Ravnica Promos","NULL"
"j17","Judge Gift Cards 2017","2017-01-01"
"tugl","Unglued Tokens","1998-08-11"
"plgm","DCI Legend Membership","1995-01-01"
"pons","Onslaught Promos","2002-09-28"
"ps19","San Diego Comic-Con 2019","2019-07-18"
"tala","Shards of Alara Tokens","2008-10-03"
"g01","Judge Gift Cards 2001","2001-01-01"
"pdp15","Duels of the Planeswalkers 2015 Promos ","2014-01-01"
"g07","Judge Gift Cards 2007","2007-01-01"
"tmbs","Mirrodin Besieged Tokens","2011-02-04"
"psum","Summer of Magic","2007-07-21"
"f18","Friday Night Magic 2018","2017-12-27"
"h17","HasCon 2017","2017-09-20"
"pwp12","Wizards Play Network 2012","2012-01-01"
"sznr","Zendikar Rising Substitute Cards","2020-09-25"
"pwpn","Wizards Play Network 2008","2008-10-01"
"tfrf","Fate Reforged Tokens","2015-01-23"
"g03","Judge Gift Cards 2003","2003-01-01"
"pakh","Amonkhet Promos","NULL"
"cp2","Fate Reforged Clash Pack","2015-01-23"
"pm12","Magic 2012 Promos","2011-07-14"
"f15","Friday Night Magic 2015","2015-01-01"
"g00","Judge Gift Cards 2000","2000-01-01"
"j18","Judge Gift Cards 2018","2018-01-01"
"pdka","Dark Ascension Promos","2012-01-28"
"pbng","Born of the Gods Promos","2014-02-01"
"pisd","Innistrad Promos","2011-09-24"
"pg07","Gateway 2007","2007-01-01"
"pjse","Junior Series Europe","NULL"
"j19","Judge Gift Cards 2019","2019-04-10"
"parb","Alara Reborn Promos","NULL"
"pss2","XLN Standard Showdown","2017-09-29"
"tcn2","Conspiracy: Take the Crown Tokens","2016-08-26"
"p11","Magic Player Rewards 2011","2011-01-01"
"pdp13","Duels of the Planeswalkers 2013 Promos ","2012-01-01"
"puds","Urza's Destiny Promos","1999-05-29"
"ptsp","Time Spiral Promos","NULL"
"pdp14","Duels of the Planeswalkers 2014 Promos ","2013-01-01"
"g08","Judge Gift Cards 2008","2008-01-01"
"pbook","Miscellaneous Book Promos","2009-01-27"
"peve","Eventide Promos","NULL"
"te01","Archenemy: Nicol Bolas Tokens","2017-09-08"
"tm12","Magic 2012 Tokens","2011-07-15"
"cc1","Commander Collection: Green","2020-12-04"
"pr2","Magic Player Rewards 2002","2002-01-01"
"htr17","2017 Heroes of the Realm","2018-08-01"
"pg08","Gateway 2008","2008-01-01"
"pavr","Avacyn Restored Promos","2012-04-28"
"p05","Magic Player Rewards 2005","2005-01-01"
"l13","League Tokens 2013","2013-01-01"
"tgn2","Game Night 2019 Tokens","2019-11-15"
"ps16","San Diego Comic-Con 2016","2016-10-01"
"g02","Judge Gift Cards 2002","2002-01-01"
"pgru","Guru","1999-07-12"
"pulg","Urza's Legacy Promos","1999-02-06"
"tavr","Avacyn Restored Tokens","2012-05-04"
"tdvd","Duel Decks Anthology: Divine vs. Demonic Tokens","2014-12-05"
"tnph","New Phyrexia Tokens","2011-05-13"
"p9ed","Ninth Edition Promos","2005-07-29"
"psom","Scars of Mirrodin Promos","2010-09-30"
"oc15","Commander 2015 Oversized","2015-11-13"
"pcsp","Coldsnap Promos","NULL"
"v16","From the Vault: Lore","2016-08-19"
"g04","Judge Gift Cards 2004","2004-01-01"
"pdis","Dissension Promos","NULL"
"pdp10","Duels of the Planeswalkers 2010 Promos ","2010-01-01"
"tkld","Kaladesh Tokens","2016-09-30"
"tddg","Duel Decks: Knights vs. Dragons Tokens","2011-04-01"
"l16","League Tokens 2016","2016-01-01"
"pfrf","Fate Reforged Promos","NULL"
"ppro","Pro Tour Promos","NULL"
"thp1","Theros Hero's Path","2013-09-27"
"tddu","Duel Decks: Elves vs. Inventors Tokens","2018-04-06"
"plgn","Legions Promos","2003-01-25"
"g99","Judge Gift Cards 1999","1999-01-01"
"tddk","Duel Decks: Sorin vs. Tibalt Tokens","2013-03-15"
"ptmp","Tempest Promos","1997-10-01"
"pnem","Nemesis Promos","2000-01-29"
"tdgm","Dragon's Maze Tokens","2013-05-03"
"pptk","Portal: Three Kingdoms Promos","NULL"
"jgp","Judge Gift Cards 1998","1998-01-01"
"plrw","Lorwyn Promos","NULL"
"oc19","Commander 2019 Oversized","2019-08-31"
"tddd","Duel Decks: Garruk vs. Liliana Tokens","2009-10-30"
"htr18","Heroes of the Realm 2018","2019-08-01"
"proe","Rise of the Eldrazi Promos","2010-04-23"
"pss1","BFZ Standard Series","2015-10-02"
"pres","Resale Promos","NULL"
"phop","Promotional Planes","NULL"
"plgs","Love Your LGS","2020-05-18"
"psth","Stronghold Promos","1998-02-01"
"tjou","Journey into Nyx Tokens","2014-05-02"
"oc16","Commander 2016 Oversized","2016-11-11"
"hho","Happy Holidays","NULL"
"p10e","Tenth Edition Promos","2007-07-13"
"pexo","Exodus Promos","1998-06-01"
"phou","Hour of Devastation Promos","NULL"
"tdds","Duel Decks: Mind vs. Might Tokens","2017-03-31"
"pdrc","Dragon Con","1994-07-15"
"trix","Rivals of Ixalan Tokens","2018-01-19"
"pal02","Arena League 2002","2002-01-01"
"pmbs","Mirrodin Besieged Promos","2011-02-03"
"tbng","Born of the Gods Tokens","2014-02-07"
"tddi","Duel Decks: Venser vs. Koth Tokens","2012-03-30"
"pgpt","Guildpact Promos","NULL"
"pori","Magic Origins Promos","NULL"
"t10e","Tenth Edition Tokens","2007-07-13"
"oc17","Commander 2017 Oversized","2017-08-25"
"pmmq","Mercadian Masques Promos","1999-09-25"
"pcon","Conflux Promos","NULL"
"purl","URL/Convention Promos","NULL"
"pfut","Future Sight Promos","NULL"
"pemn","Eldritch Moon Promos","NULL"
"ovnt","Vintage Championship","NULL"
"tddh","Duel Decks: Ajani vs. Nicol Bolas Tokens","2011-09-02"
"pwor","World Championship Promos","NULL"
"ptg","Ponies: The Galloping","2019-10-22"
"tund","Unsanctioned Tokens","2020-02-29"
"j15","Judge Gift Cards 2015","2015-01-01"
"psok","Saviors of Kamigawa Promos","NULL"
"pgpx","Grand Prix Promos","NULL"
"htr","2016 Heroes of the Realm","2017-09-20"
"tbbd","Battlebond Tokens","2018-06-08"
"psus","Junior Super Series","NULL"
"tddm","Duel Decks: Jace vs. Vraska Tokens","2014-03-14"
"pscg","Scourge Promos","2003-05-17"
"pjas","Junior APAC Series","NULL"
"pmei","Magazine Inserts","NULL"
"tdde","Duel Decks: Phyrexia vs. the Coalition Tokens","2010-03-19"
"olgc","Legacy Championship","NULL"
"oc18","Commander 2018 Oversized","2018-08-09"
"tjvc","Duel Decks Anthology: Jace vs. Chandra Tokens","2014-12-05"
"pusg","Urza's Saga Promos","1998-09-26"
"pkld","Kaladesh Promos","NULL"
"pdtp","Duels of the Planeswalkers 2009 Promos ","2009-01-01"
"pwos","Wizards of the Coast Online Store","1999-09-04"
"ppc1","M15 Prerelease Challenge","2014-07-12"
"pcel","Celebration Cards","NULL"
"pcns","Conspiracy Promos","2014-06-06"
"pplc","Planar Chaos Promos","NULL"
"pmrd","Mirrodin Promos","2003-09-20"
"prav","Ravnica: City of Guilds Promos","NULL"
"pala","Shards of Alara Promos","2008-10-03"
"pust","Unstable Promos","2017-11-13"
"tddf","Duel Decks: Elspeth vs. Tezzeret Tokens","2010-09-03"
"pmic","MicroProse Promos","1997-04-01"
"pgtw","Gateway 2006","2006-01-01"
"tcon","Conflux Tokens","2009-02-06"
"pmor","Morningtide Promos","NULL"
"pdst","Darksteel Promos","2004-01-24"
"l17","League Tokens 2017","2017-01-01"
"pm19","Core Set 2019 Promos","NULL"
"tdd2","Duel Decks: Jace vs. Chandra Tokens","2008-11-07"
"tddl","Duel Decks: Heroes vs. Monsters Tokens","2013-09-06"
"phpr","HarperPrism Book Promos","NULL"
"pchk","Champions of Kamigawa Promos","2004-09-18"
"pwcq","World Magic Cup Qualifiers","NULL"
"pmh1","Modern Horizons Promos","2019-06-14"
"ppcy","Prophecy Promos","2000-05-27"
"plny","2018 Lunar New Year","2018-02-16"
"pshm","Shadowmoor Promos","NULL"
